{"cameraMode":{"drawMode":0,"name":"Shaded","section":"Shading Mode"},"sceneLighting":true,"audioPlay":false,"sceneViewState":{"showFog":true,"showMaterialUpdate":false,"showSkybox":true,"showFlares":true,"showImageEffects":true,"showParticleSystems":true},"in2DMode":false,"pivot":{"x":-20.086746215820314,"y":-25.645313262939454,"z":46.90281677246094},"rotation":{"x":-0.21108026802539826,"y":0.6530482172966003,"z":-0.19687819480895997,"w":-0.7001597881317139},"size":111.30662536621094,"orthographic":false}